<?xml version="1.1" encoding="UTF-8" standalone="no"?>
<databaseChangeLog xmlns="http://www.liquibase.org/xml/ns/dbchangelog"
                   xmlns:xsi="http://www.w3.org/2001/XMLSchema-instance"
                   xsi:schemaLocation="http://www.liquibase.org/xml/ns/dbchangelog http://www.liquibase.org/xml/ns/dbchangelog/dbchangelog-3.8.xsd">
    <changeSet author="peter (generated)" id="1593076820090-1">
        <createTable tableName="opb_login_entity">
            <column name="id" type="BIGINT">
                <constraints nullable="false" primaryKey="true" primaryKeyName="opb_login_entity_pkey"/>
            </column>
            <column name="login_time" type="TIMESTAMP">
                <constraints nullable="false"/>
            </column>
            <column name="user_entity_login_user_name" type="VARCHAR(255)"/>
        </createTable>
    </changeSet>
    <changeSet author="peter (generated)" id="1593076820090-2">
        <createTable tableName="opb_consent_entity">
            <column name="id" type="BIGINT">
                <constraints nullable="false" primaryKey="true" primaryKeyName="opb_consent_entity_pkey"/>
            </column>
            <column name="account_id" type="VARCHAR(255)"/>
            <column name="bank_id" type="VARCHAR(255)"/>
            <column name="consent_confirmed" type="BOOLEAN">
                <constraints nullable="false"/>
            </column>
            <column name="consent_type" type="INTEGER"/>
            <column name="creation_time" type="TIMESTAMP">
                <constraints nullable="false"/>
            </column>
            <column name="tpp_auth_id" type="VARCHAR(255)"/>
            <column name="tpp_service_session_id" type="UUID"/>
            <column name="user_entity_login_user_name" type="VARCHAR(255)"/>
        </createTable>
    </changeSet>
    <changeSet author="valb3r (generated)" id="1593076820090-2">
        <createTable tableName="opb_payment_entity">
            <column name="id" type="BIGINT">
                <constraints nullable="false" primaryKey="true" primaryKeyName="opb_payment_entity_pkey"/>
            </column>
            <column name="account_id" type="VARCHAR(255)"/>
            <column name="bank_id" type="VARCHAR(255)"/>
            <column name="payment_confirmed" type="BOOLEAN">
                <constraints nullable="false"/>
            </column>
            <column name="payment_product" type="VARCHAR(255)"/>
            <column name="creation_time" type="TIMESTAMP">
                <constraints nullable="false"/>
            </column>
            <column name="tpp_auth_id" type="VARCHAR(255)"/>
            <column name="tpp_service_session_id" type="UUID"/>
            <column name="user_entity_login_user_name" type="VARCHAR(255)"/>
        </createTable>
    </changeSet>
    <changeSet author="peter (generated)" id="1593076820090-3">
        <createTable tableName="opb_redirect_urls_entity">
            <column name="id" type="BIGINT">
                <constraints nullable="false" primaryKey="true" primaryKeyName="opb_redirect_urls_entity_pkey"/>
            </column>
            <column name="nok_state_path" type="VARCHAR(255)">
                <constraints nullable="false"/>
            </column>
            <column name="ok_state_path" type="VARCHAR(255)">
                <constraints nullable="false"/>
            </column>
            <column name="redirect_code" type="VARCHAR(255)">
                <constraints nullable="false"/>
            </column>
        </createTable>
    </changeSet>
    <changeSet author="peter (generated)" id="1593076820090-4">
        <createTable tableName="opb_session_entity">
            <column name="id" type="BIGINT">
                <constraints nullable="false" primaryKey="true" primaryKeyName="opb_session_entity_pkey"/>
            </column>
            <column name="parent_session" type="BIGINT"/>
            <column name="session_cookie_value" type="VARCHAR(255)"/>
            <column name="valid_until" type="TIMESTAMP">
                <constraints nullable="false"/>
            </column>
            <column name="user_entity_login_user_name" type="VARCHAR(255)"/>
        </createTable>
    </changeSet>
    <changeSet author="peter (generated)" id="1593076820090-5">
        <createTable tableName="opb_user_entity">
            <column name="login_user_name" type="VARCHAR(255)">
                <constraints nullable="false" primaryKey="true" primaryKeyName="opb_user_entity_pkey"/>
            </column>
            <column name="fintech_user_id" type="VARCHAR(255)"/>
            <column name="password" type="VARCHAR(255)"/>

            <column name="service_account" type="BOOLEAN" defaultValueBoolean="false">
                <constraints nullable="false"/>
            </column>
            <column name="active" type="BOOLEAN" defaultValueBoolean="true">
                <constraints nullable="false"/>
            </column>
            <column name="enable_password_login" type="BOOLEAN" defaultValueBoolean="true">
                <constraints nullable="false"/>
            </column>
        </createTable>
    </changeSet>
    <changeSet author="valb3r (generated)" id="1593076820090-6">
        <createTable tableName="opb_oauth_session_entity">
            <column name="state" type="VARCHAR(255)">
                <constraints nullable="false" primaryKey="true"/>
            </column>
        </createTable>
    </changeSet>
    <changeSet author="peter (generated)" id="1593076820090-6">
        <addForeignKeyConstraint baseColumnNames="user_entity_login_user_name" baseTableName="opb_login_entity" constraintName="fko9imhixh45717jwkwlph4h16d" deferrable="false" initiallyDeferred="false" onDelete="NO ACTION" onUpdate="NO ACTION" referencedColumnNames="login_user_name" referencedTableName="opb_user_entity" validate="true"/>
    </changeSet>
    <changeSet author="peter (generated)" id="1593076820090-7">
        <addForeignKeyConstraint baseColumnNames="user_entity_login_user_name" baseTableName="opb_consent_entity" constraintName="fkm3ph6cod3jnj5c348wirh5urp" deferrable="false" initiallyDeferred="false" onDelete="NO ACTION" onUpdate="NO ACTION" referencedColumnNames="login_user_name" referencedTableName="opb_user_entity" validate="true"/>
    </changeSet>
    <changeSet author="peter (generated)" id="1593076820090-8">
        <addForeignKeyConstraint baseColumnNames="user_entity_login_user_name" baseTableName="opb_session_entity" constraintName="fkecuug9e4v689hepptfgsbbxb6" deferrable="false" initiallyDeferred="false" onDelete="NO ACTION" onUpdate="NO ACTION" referencedColumnNames="login_user_name" referencedTableName="opb_user_entity" validate="true"/>
    </changeSet>
    <changeSet author="peter (generated)" id="1593076820090-9">
        <createSequence cacheSize="1" cycle="false" dataType="bigint" incrementBy="50" maxValue="9223372036854775807" minValue="1" sequenceName="consent_id_seq" startValue="1"/>
    </changeSet>
    <changeSet author="valb3r (generated)" id="1593076820090-9">
        <createSequence cacheSize="1" cycle="false" dataType="bigint" incrementBy="50" maxValue="9223372036854775807" minValue="1" sequenceName="payment_id_seq" startValue="1"/>
    </changeSet>
    <changeSet author="peter (generated)" id="1593076820090-10">
        <createSequence cacheSize="1" cycle="false" dataType="bigint" incrementBy="50" maxValue="9223372036854775807" minValue="1" sequenceName="login_id_seq" startValue="1"/>
    </changeSet>
    <changeSet author="peter (generated)" id="1593076820090-11">
        <createSequence cacheSize="1" cycle="false" dataType="bigint" incrementBy="50" maxValue="9223372036854775807" minValue="1" sequenceName="redirect_urls_id_seq" startValue="1"/>
    </changeSet>
    <changeSet author="peter (generated)" id="1593076820090-12">
        <createSequence cacheSize="1" cycle="false" dataType="bigint" incrementBy="50" maxValue="9223372036854775807" minValue="1" sequenceName="session_id_seq" startValue="1"/>
    </changeSet>
</databaseChangeLog>
